Threshold,Erode,Dilate,Score,FPS
1,1,1,68.3448,8.71241
256,1,1,68.3448,4.37645
511,1,1,76.7089,0.873515
